{
  "name": "iter_0019_c03_confirm_spec_champion",
  "best_val_metrics": {
    "balanced_acc": 0.5310185185185186,
    "macro_f1": 0.5151120484165491,
    "auc_ovr": 0.718798225308642,
    "ece": 0.15268418248052953,
    "per_class_pr": {
      "NP": [
        0.6308551028619007,
        0.7430555555555556
      ],
      "AP": [
        0.4336510893522359,
        0.3736111111111111
      ],
      "HP": [
        0.5031297007317215,
        0.4763888888888889
      ]
    },
    "confusion_3x3": [
      [
        535,
        107,
        78
      ],
      [
        182,
        269,
        269
      ],
      [
        133,
        244,
        343
      ]
    ],
    "binary": {
      "balanced_acc": 0.7621527777777777,
      "f1": 0.8179672196788317,
      "pain_precision": 0.8597963564127473,
      "pain_recall": 0.78125,
      "auc": 0.8404658564814815,
      "confusion_2x2": [
        [
          535,
          185
        ],
        [
          315,
          1125
        ]
      ]
    }
  },
  "final_val_metrics": {
    "balanced_acc": 0.5310185185185186,
    "macro_f1": 0.5151120484165491,
    "auc_ovr": 0.718798225308642,
    "ece": 0.15268418248052953,
    "per_class_pr": {
      "NP": [
        0.6308551028619007,
        0.7430555555555556
      ],
      "AP": [
        0.4336510893522359,
        0.3736111111111111
      ],
      "HP": [
        0.5031297007317215,
        0.4763888888888889
      ]
    },
    "confusion_3x3": [
      [
        535,
        107,
        78
      ],
      [
        182,
        269,
        269
      ],
      [
        133,
        244,
        343
      ]
    ],
    "binary": {
      "balanced_acc": 0.7621527777777777,
      "f1": 0.8179672196788317,
      "pain_precision": 0.8597963564127473,
      "pain_recall": 0.78125,
      "auc": 0.8404658564814815,
      "confusion_2x2": [
        [
          535,
          185
        ],
        [
          315,
          1125
        ]
      ]
    }
  },
  "n_seeds": 5,
  "n_seeds_completed": 5,
  "n_seeds_failed": 0,
  "per_seed_balanced_acc": [
    0.5324074074074074,
    0.5277777777777778,
    0.5324074074074074,
    0.5347222222222222,
    0.5277777777777778
  ],
  "balanced_acc_std": 0.0027777777777777753,
  "train_seconds": 41.31534552574158,
  "inference_seconds": 0.0004077911376953125,
  "spec": {
    "data": {},
    "decode": {
      "strategy": "argmax"
    },
    "feature_extraction": {
      "family": "spectrogram",
      "fs": 100,
      "log_scale": true,
      "noverlap": 64,
      "nperseg": 128
    },
    "model": {
      "base_channels": 24,
      "depth": 3,
      "dropout": 0.25,
      "family": "spectrogram_cnn2d",
      "use_residual": false
    },
    "name": "iter_0019_c03_confirm_spec_champion",
    "preprocessing": {
      "normalize": "per_channel_zscore"
    },
    "reasoning_summary": "iter_0019 c03. CONFIRMATION n_seeds=5 of the spectrogram champion (r133, nperseg128, 0.5363).",
    "training": {
      "batch_size": 32,
      "epochs": 90,
      "focal_gamma": 1.0,
      "loss": "ce_class_balanced",
      "lr": 0.001,
      "n_seeds": 5,
      "optimizer": "adam",
      "seed": 19030
    }
  }
}