{
  "name": "iter_0015_c07_hrv_wide",
  "best_val_metrics": {
    "balanced_acc": 0.42052469135802467,
    "macro_f1": 0.4183838636979779,
    "auc_ovr": 0.5907144847393689,
    "ece": 0.05856224855431067,
    "per_class_pr": {
      "NP": [
        0.4536442185354886,
        0.5046296296296297
      ],
      "AP": [
        0.4043270374719843,
        0.3958333333333333
      ],
      "HP": [
        0.39821626946697686,
        0.3611111111111111
      ]
    },
    "confusion_3x3": [
      [
        218,
        114,
        100
      ],
      [
        125,
        171,
        136
      ],
      [
        138,
        138,
        156
      ]
    ],
    "binary": {
      "balanced_acc": 0.6001157407407407,
      "f1": 0.7156564788950748,
      "pain_precision": 0.7376738222982985,
      "pain_recall": 0.6956018518518517,
      "auc": 0.6434059927983539,
      "confusion_2x2": [
        [
          218,
          214
        ],
        [
          263,
          601
        ]
      ]
    }
  },
  "final_val_metrics": {
    "balanced_acc": 0.42052469135802467,
    "macro_f1": 0.4183838636979779,
    "auc_ovr": 0.5907144847393689,
    "ece": 0.05856224855431067,
    "per_class_pr": {
      "NP": [
        0.4536442185354886,
        0.5046296296296297
      ],
      "AP": [
        0.4043270374719843,
        0.3958333333333333
      ],
      "HP": [
        0.39821626946697686,
        0.3611111111111111
      ]
    },
    "confusion_3x3": [
      [
        218,
        114,
        100
      ],
      [
        125,
        171,
        136
      ],
      [
        138,
        138,
        156
      ]
    ],
    "binary": {
      "balanced_acc": 0.6001157407407407,
      "f1": 0.7156564788950748,
      "pain_precision": 0.7376738222982985,
      "pain_recall": 0.6956018518518517,
      "auc": 0.6434059927983539,
      "confusion_2x2": [
        [
          218,
          214
        ],
        [
          263,
          601
        ]
      ]
    }
  },
  "n_seeds": 3,
  "n_seeds_completed": 3,
  "n_seeds_failed": 0,
  "per_seed_balanced_acc": [
    0.4259259259259259,
    0.40972222222222215,
    0.4259259259259259
  ],
  "balanced_acc_std": 0.007638499179484317,
  "train_seconds": 15.597016334533691,
  "inference_seconds": 0.00020798047383626303,
  "spec": {
    "data": {},
    "decode": {
      "strategy": "argmax"
    },
    "feature_extraction": {
      "family": "hrv_features",
      "fs": 100
    },
    "model": {
      "dropout": 0.3,
      "family": "hrv_features_mlp",
      "hidden": 128
    },
    "name": "iter_0015_c07_hrv_wide",
    "preprocessing": {
      "normalize": "per_feature_zscore"
    },
    "reasoning_summary": "iter_0015 c07. hrv_features_mlp revived: hidden 64->128, dropout 0.3, focal_gamma=1.0, epochs 50->80. n_seeds=3.",
    "training": {
      "batch_size": 32,
      "epochs": 80,
      "focal_gamma": 1.0,
      "loss": "ce_class_balanced",
      "lr": 0.001,
      "n_seeds": 3,
      "optimizer": "adam",
      "seed": 15070
    }
  }
}