{
  "name": "iter_0016_c04_spec_deep",
  "best_val_metrics": {
    "balanced_acc": 0.5061728395061729,
    "macro_f1": 0.4590111044759107,
    "auc_ovr": 0.6865596064814815,
    "ece": 0.2632321267400259,
    "per_class_pr": {
      "NP": [
        0.6141295977373601,
        0.6550925925925926
      ],
      "AP": [
        0.42193173565722586,
        0.12268518518518517
      ],
      "HP": [
        0.45109090890685394,
        0.7407407407407408
      ]
    },
    "confusion_3x3": [
      [
        283,
        27,
        122
      ],
      [
        112,
        53,
        267
      ],
      [
        69,
        43,
        320
      ]
    ],
    "binary": {
      "balanced_acc": 0.7228009259259259,
      "f1": 0.8048092132300911,
      "pain_precision": 0.8215950715950716,
      "pain_recall": 0.7905092592592592,
      "auc": 0.7954764660493828,
      "confusion_2x2": [
        [
          283,
          149
        ],
        [
          181,
          683
        ]
      ]
    }
  },
  "final_val_metrics": {
    "balanced_acc": 0.5061728395061729,
    "macro_f1": 0.4590111044759107,
    "auc_ovr": 0.6865596064814815,
    "ece": 0.2632321267400259,
    "per_class_pr": {
      "NP": [
        0.6141295977373601,
        0.6550925925925926
      ],
      "AP": [
        0.42193173565722586,
        0.12268518518518517
      ],
      "HP": [
        0.45109090890685394,
        0.7407407407407408
      ]
    },
    "confusion_3x3": [
      [
        283,
        27,
        122
      ],
      [
        112,
        53,
        267
      ],
      [
        69,
        43,
        320
      ]
    ],
    "binary": {
      "balanced_acc": 0.7228009259259259,
      "f1": 0.8048092132300911,
      "pain_precision": 0.8215950715950716,
      "pain_recall": 0.7905092592592592,
      "auc": 0.7954764660493828,
      "confusion_2x2": [
        [
          283,
          149
        ],
        [
          181,
          683
        ]
      ]
    }
  },
  "n_seeds": 3,
  "n_seeds_completed": 3,
  "n_seeds_failed": 0,
  "per_seed_balanced_acc": [
    0.5162037037037037,
    0.5,
    0.5023148148148149
  ],
  "balanced_acc_std": 0.007155569826771372,
  "train_seconds": 28.88724112510681,
  "inference_seconds": 0.0005004405975341797,
  "spec": {
    "data": {},
    "decode": {
      "strategy": "argmax"
    },
    "feature_extraction": {
      "family": "spectrogram",
      "fs": 100,
      "log_scale": true,
      "noverlap": 32,
      "nperseg": 64
    },
    "model": {
      "base_channels": 32,
      "depth": 4,
      "dropout": 0.25,
      "family": "spectrogram_cnn2d"
    },
    "name": "iter_0016_c04_spec_deep",
    "preprocessing": {
      "normalize": "per_channel_zscore"
    },
    "reasoning_summary": "iter_0016 c04. Mutation of r_00000126 (spectrogram_cnn2d 0.4915, lowest variance in iter_0015). depth 3->4, base_channels 24->32, epochs 60->90.",
    "training": {
      "batch_size": 32,
      "epochs": 90,
      "focal_gamma": 1.0,
      "loss": "ce_class_balanced",
      "lr": 0.001,
      "n_seeds": 3,
      "optimizer": "adam",
      "seed": 16040
    }
  }
}