{
  "name": "submission_01_spectrogram_champion",
  "submission": true,
  "n_seeds": 20,
  "n_seeds_completed": 20,
  "n_seeds_failed": 0,
  "per_seed_val_balanced_acc": [
    0.5416666666666667,
    0.5439814814814815,
    0.5555555555555556,
    0.5208333333333334,
    0.5138888888888888,
    0.5277777777777778,
    0.5486111111111112,
    0.5416666666666666,
    0.5231481481481481,
    0.5462962962962963,
    0.5138888888888888,
    0.5231481481481481,
    0.5347222222222222,
    0.5185185185185185,
    0.5439814814814815,
    0.5185185185185185,
    0.5416666666666666,
    0.5254629629629629,
    0.5185185185185185,
    0.5324074074074074
  ],
  "best_val_metrics": {
    "balanced_acc": 0.531712962962963,
    "balanced_acc_std": 0.0125534693175521,
    "macro_f1": 0.49425986186695364,
    "auc_ovr": 0.7237228330761317,
    "ece": 0.09610505376218095
  },
  "test_n_trials": 432,
  "test_pred_class_counts": {
    "NP": 150,
    "AP": 52,
    "HP": 230
  },
  "test_predictions_csv": "experiments/submission_01/test_predictions.csv",
  "val_predictions_csv": "experiments/submission_01/val_predictions.csv",
  "train_seconds": 165.3938422203064,
  "device": "cuda",
  "spec": {
    "data": {},
    "decode": {
      "strategy": "argmax"
    },
    "feature_extraction": {
      "family": "spectrogram",
      "fs": 100,
      "log_scale": true,
      "noverlap": 64,
      "nperseg": 128,
      "transform": "stft"
    },
    "model": {
      "base_channels": 24,
      "depth": 3,
      "dropout": 0.25,
      "family": "spectrogram_cnn2d",
      "use_residual": false
    },
    "name": "submission_01_spectrogram_champion",
    "preprocessing": {
      "normalize": "per_channel_zscore"
    },
    "reasoning_summary": "HIP-G submission #1. Spectrogram champion config (r133/r163, n_seeds=5 confirmed 0.5310 +/- 0.003 -- lowest variance in the ~0.53 tie cluster). Trains on the 41 train subjects, early-stops on val, predicts the blinded 12-subject test split.",
    "training": {
      "batch_size": 32,
      "epochs": 90,
      "focal_gamma": 1.0,
      "loss": "ce_class_balanced",
      "lr": 0.001,
      "optimizer": "adam",
      "seed": 20001,
      "n_seeds": 20
    }
  }
}