{
  "name": "iter_0019_c00_confirm_dual_nperseg192",
  "best_val_metrics": {
    "balanced_acc": 0.5296296296296296,
    "macro_f1": 0.505134713161272,
    "auc_ovr": 0.7205970293209878,
    "ece": 0.14086717844561294,
    "per_class_pr": {
      "NP": [
        0.625072903590899,
        0.7638888888888888
      ],
      "AP": [
        0.4558079142874686,
        0.4069444444444444
      ],
      "HP": [
        0.5130181175829224,
        0.4180555555555555
      ]
    },
    "confusion_3x3": [
      [
        550,
        107,
        63
      ],
      [
        178,
        293,
        249
      ],
      [
        162,
        257,
        301
      ]
    ],
    "binary": {
      "balanced_acc": 0.763888888888889,
      "f1": 0.8106900936972282,
      "pain_precision": 0.8692592881033866,
      "pain_recall": 0.7638888888888888,
      "auc": 0.8437210648148149,
      "confusion_2x2": [
        [
          550,
          170
        ],
        [
          340,
          1100
        ]
      ]
    }
  },
  "final_val_metrics": {
    "balanced_acc": 0.5296296296296296,
    "macro_f1": 0.505134713161272,
    "auc_ovr": 0.7205970293209878,
    "ece": 0.14086717844561294,
    "per_class_pr": {
      "NP": [
        0.625072903590899,
        0.7638888888888888
      ],
      "AP": [
        0.4558079142874686,
        0.4069444444444444
      ],
      "HP": [
        0.5130181175829224,
        0.4180555555555555
      ]
    },
    "confusion_3x3": [
      [
        550,
        107,
        63
      ],
      [
        178,
        293,
        249
      ],
      [
        162,
        257,
        301
      ]
    ],
    "binary": {
      "balanced_acc": 0.763888888888889,
      "f1": 0.8106900936972282,
      "pain_precision": 0.8692592881033866,
      "pain_recall": 0.7638888888888888,
      "auc": 0.8437210648148149,
      "confusion_2x2": [
        [
          550,
          170
        ],
        [
          340,
          1100
        ]
      ]
    }
  },
  "n_seeds": 5,
  "n_seeds_completed": 5,
  "n_seeds_failed": 0,
  "per_seed_balanced_acc": [
    0.5347222222222222,
    0.5277777777777778,
    0.5162037037037037,
    0.537037037037037,
    0.5324074074074074
  ],
  "balanced_acc_std": 0.0073784154863468475,
  "train_seconds": 1158.029284954071,
  "inference_seconds": 0.004236984252929688,
  "spec": {
    "data": {},
    "decode": {
      "strategy": "argmax"
    },
    "feature_extraction": {
      "family": "dual_ensemble",
      "fs": 100,
      "log_scale": true,
      "noverlap": 96,
      "nperseg": 192
    },
    "model": {
      "cnn_cfg": {
        "base_channels": 24,
        "depth": 3,
        "dropout": 0.25,
        "use_residual": false
      },
      "family": "dual_ensemble",
      "gru_cfg": {
        "encoder_type": "gru",
        "fusion": "late_concat",
        "fusion_dropout": 0.2,
        "per_channel_hidden": 40,
        "per_channel_layers": 2
      }
    },
    "name": "iter_0019_c00_confirm_dual_nperseg192",
    "preprocessing": {
      "normalize": "per_channel_zscore",
      "padding": "right_zero_to_global_max"
    },
    "reasoning_summary": "iter_0019 c00. CONFIRMATION n_seeds=5 of dual_nperseg192 (r146, nominal champion 0.5448). Tighter SE vs the 0.536 cluster.",
    "training": {
      "batch_size": 32,
      "epochs": 120,
      "focal_gamma": 1.0,
      "loss": "ce_class_balanced",
      "lr": 0.001,
      "n_seeds": 5,
      "optimizer": "adam",
      "seed": 19000
    }
  }
}