{
  "name": "submission_04_spectrogram_residual",
  "submission": true,
  "n_seeds": 20,
  "n_seeds_completed": 20,
  "n_seeds_failed": 0,
  "per_seed_val_balanced_acc": [
    0.5300925925925926,
    0.5231481481481481,
    0.5324074074074074,
    0.5509259259259259,
    0.5092592592592592,
    0.5254629629629629,
    0.5231481481481481,
    0.5185185185185185,
    0.5324074074074074,
    0.5370370370370371,
    0.5231481481481483,
    0.5277777777777778,
    0.5347222222222222,
    0.5439814814814815,
    0.5277777777777778,
    0.5393518518518519,
    0.5324074074074074,
    0.513888888888889,
    0.5162037037037037,
    0.5208333333333334
  ],
  "best_val_metrics": {
    "balanced_acc": 0.528125,
    "balanced_acc_std": 0.010017426302824015,
    "macro_f1": 0.506842623932049,
    "auc_ovr": 0.7235500257201647,
    "ece": 0.11773214041496871
  },
  "test_n_trials": 432,
  "test_pred_class_counts": {
    "NP": 146,
    "AP": 124,
    "HP": 162
  },
  "test_predictions_csv": "experiments/submission_04/test_predictions.csv",
  "val_predictions_csv": "experiments/submission_04/val_predictions.csv",
  "train_seconds": 283.2700023651123,
  "device": "cuda",
  "spec": {
    "data": {},
    "decode": {
      "strategy": "argmax"
    },
    "feature_extraction": {
      "family": "spectrogram",
      "fs": 100,
      "log_scale": true,
      "noverlap": 64,
      "nperseg": 128,
      "transform": "stft"
    },
    "model": {
      "base_channels": 32,
      "depth": 4,
      "dropout": 0.25,
      "family": "spectrogram_cnn2d",
      "use_residual": true
    },
    "name": "submission_04_spectrogram_residual",
    "preprocessing": {
      "normalize": "per_channel_zscore"
    },
    "reasoning_summary": "HIP-G submission #4. Residual spectrogram CNN (r148): 2D STFT pipeline with ResNet-style blocks (depth 4) -- a distinct function class from the plain spectrogram of #1.",
    "training": {
      "batch_size": 32,
      "epochs": 90,
      "focal_gamma": 1.0,
      "loss": "ce_class_balanced",
      "lr": 0.001,
      "optimizer": "adam",
      "seed": 20004,
      "n_seeds": 20
    }
  }
}